LOC_Os07g10910.2	939bcb70ec0d160a9701bc239a2da8a8	699	Pfam	PF03081	Exo70 exocyst complex subunit	357	683	5.5E-70	T	01-03-2017	IPR004140	Exocyst complex component Exo70
LOC_Os07g10910.2	939bcb70ec0d160a9701bc239a2da8a8	699	SUPERFAMILY	SSF74788		266	698	8.89E-87	T	01-03-2017	IPR016159	Cullin repeat-like-containing domain
LOC_Os07g10910.2	939bcb70ec0d160a9701bc239a2da8a8	699	SUPERFAMILY	SSF52402		70	163	1.67E-5	T	01-03-2017
Bradi2g53820.1.p	023b0a5bfb26badd1ebd07dbf899bdc7	637	Pfam	PF03081	Exo70 exocyst complex subunit	279	629	7.2E-95	T	01-03-2017	IPR004140	Exocyst complex component Exo70
Bradi2g53820.1.p	023b0a5bfb26badd1ebd07dbf899bdc7	637	SUPERFAMILY	SSF74788		105	173	1.57E-122	T	01-03-2017	IPR016159	Cullin repeat-like-containing domain
Bradi2g53820.1.p	023b0a5bfb26badd1ebd07dbf899bdc7	637	SUPERFAMILY	SSF74788		204	633	1.57E-122	T	01-03-2017	IPR016159	Cullin repeat-like-containing domain
HORVU2Hr1G003540.3	97b877f5b43fd4480887691ff3aa356c	1544	Pfam	PF00931	NB-ARC domain	137	375	8.7E-36	T	01-03-2017	IPR002182	NB-ARC
HORVU2Hr1G003540.3	97b877f5b43fd4480887691ff3aa356c	1544	Pfam	PF00931	NB-ARC domain	403	457	1.4E-5	T	01-03-2017	IPR002182	NB-ARC
HORVU2Hr1G003540.3	97b877f5b43fd4480887691ff3aa356c	1544	SUPERFAMILY	SSF52540		136	354	1.24E-38	T	01-03-2017	IPR027417	P-loop containing nucleoside triphosphate hydrolase
HORVU2Hr1G003540.3	97b877f5b43fd4480887691ff3aa356c	1544	SUPERFAMILY	SSF52058		497	813	2.89E-15	T	01-03-2017	IPR032675	Leucine-rich repeat domain, L domain-like
HORVU2Hr1G003540.3	97b877f5b43fd4480887691ff3aa356c	1544	Pfam	PF03081	Exo70 exocyst complex subunit	1223	1538	4.1E-27	T	01-03-2017	IPR004140	Exocyst complex component Exo70
HORVU2Hr1G003540.3	97b877f5b43fd4480887691ff3aa356c	1544	SUPERFAMILY	SSF74788		1214	1543	1.88E-29	T	01-03-2017	IPR016159	Cullin repeat-like-containing domain
LOC_Os04g58870.2	88a226a8782c4ff4272bff4fde7b098d	448	SUPERFAMILY	SSF74788		2	409	7.32E-116	T	01-03-2017	IPR016159	Cullin repeat-like-containing domain
LOC_Os04g58870.2	88a226a8782c4ff4272bff4fde7b098d	448	Pfam	PF03081	Exo70 exocyst complex subunit	43	405	4.4E-100	T	01-03-2017	IPR004140	Exocyst complex component Exo70
LOC_Os08g35470.1	e0ecfe9dba6e01dd2b635a6370b1d986	632	SUPERFAMILY	SSF74788		33	111	2.67E-145	T	01-03-2017	IPR016159	Cullin repeat-like-containing domain
LOC_Os08g35470.1	e0ecfe9dba6e01dd2b635a6370b1d986	632	SUPERFAMILY	SSF74788		155	618	2.67E-145	T	01-03-2017	IPR016159	Cullin repeat-like-containing domain
LOC_Os08g35470.1	e0ecfe9dba6e01dd2b635a6370b1d986	632	Pfam	PF03081	Exo70 exocyst complex subunit	229	614	3.6E-114	T	01-03-2017	IPR004140	Exocyst complex component Exo70
HORVU3Hr1G094570.3	b7d49bc3959ef20ab2a9d8478ea688a5	671	Coils	Coil		151	171	-	T	01-03-2017
HORVU3Hr1G094570.3	b7d49bc3959ef20ab2a9d8478ea688a5	671	SUPERFAMILY	SSF74788		131	182	2.88E-145	T	01-03-2017	IPR016159	Cullin repeat-like-containing domain
HORVU3Hr1G094570.3	b7d49bc3959ef20ab2a9d8478ea688a5	671	SUPERFAMILY	SSF74788		231	665	2.88E-145	T	01-03-2017	IPR016159	Cullin repeat-like-containing domain
HORVU3Hr1G094570.3	b7d49bc3959ef20ab2a9d8478ea688a5	671	Pfam	PF03081	Exo70 exocyst complex subunit	305	661	1.2E-120	T	01-03-2017	IPR004140	Exocyst complex component Exo70
LOC_Os04g02070.1	0f691b3e40cb197629ebddd3f1ea2b8a	522	Pfam	PF03081	Exo70 exocyst complex subunit	189	480	5.3E-30	T	01-03-2017	IPR004140	Exocyst complex component Exo70
LOC_Os04g02070.1	0f691b3e40cb197629ebddd3f1ea2b8a	522	SUPERFAMILY	SSF74788		158	480	1.31E-31	T	01-03-2017	IPR016159	Cullin repeat-like-containing domain
Bradi2g59057.1.p	a74915060439de63425e87f7e2a97656	669	Pfam	PF03081	Exo70 exocyst complex subunit	303	659	7.2E-123	T	01-03-2017	IPR004140	Exocyst complex component Exo70
Bradi2g59057.1.p	a74915060439de63425e87f7e2a97656	669	Coils	Coil		151	171	-	T	01-03-2017
Bradi2g59057.1.p	a74915060439de63425e87f7e2a97656	669	SUPERFAMILY	SSF74788		147	182	4.81E-146	T	01-03-2017	IPR016159	Cullin repeat-like-containing domain
Bradi2g59057.1.p	a74915060439de63425e87f7e2a97656	669	SUPERFAMILY	SSF74788		229	663	4.81E-146	T	01-03-2017	IPR016159	Cullin repeat-like-containing domain
HORVU2Hr1G123350.18	7df0ec672269f5617e16c5ed41cac1fb	395	Pfam	PF03081	Exo70 exocyst complex subunit	174	389	1.1E-57	T	01-03-2017	IPR004140	Exocyst complex component Exo70
HORVU2Hr1G123350.18	7df0ec672269f5617e16c5ed41cac1fb	395	SUPERFAMILY	SSF74788		2	389	8.37E-87	T	01-03-2017	IPR016159	Cullin repeat-like-containing domain
Bradi5g26587.6.p	32f1786d3dc66e32ffd293e3157be0f7	634	SUPERFAMILY	SSF74788		76	624	9.94E-137	T	01-03-2017	IPR016159	Cullin repeat-like-containing domain
Bradi5g26587.6.p	32f1786d3dc66e32ffd293e3157be0f7	634	Pfam	PF03081	Exo70 exocyst complex subunit	259	620	6.7E-103	T	01-03-2017	IPR004140	Exocyst complex component Exo70
HORVU4Hr1G021040.1	357037ef4f8c7cf24e17c242e4959c91	647	SUPERFAMILY	SSF74788		79	167	1.62E-161	T	01-03-2017	IPR016159	Cullin repeat-like-containing domain
HORVU4Hr1G021040.1	357037ef4f8c7cf24e17c242e4959c91	647	SUPERFAMILY	SSF74788		199	634	1.62E-161	T	01-03-2017	IPR016159	Cullin repeat-like-containing domain
HORVU4Hr1G021040.1	357037ef4f8c7cf24e17c242e4959c91	647	Pfam	PF03081	Exo70 exocyst complex subunit	273	630	5.0E-121	T	01-03-2017	IPR004140	Exocyst complex component Exo70
HORVU2Hr1G118500.1	e602b88315225fd519465c7a34af3101	482	SUPERFAMILY	SSF74788		78	453	2.14E-35	T	01-03-2017	IPR016159	Cullin repeat-like-containing domain
HORVU2Hr1G118500.1	e602b88315225fd519465c7a34af3101	482	Pfam	PF03081	Exo70 exocyst complex subunit	180	453	2.9E-29	T	01-03-2017	IPR004140	Exocyst complex component Exo70
Bradi3g03860.1.p	fd3efd8db462c259b4b69abebdd28a70	676	SUPERFAMILY	SSF74788		169	642	1.2E-114	T	01-03-2017	IPR016159	Cullin repeat-like-containing domain
Bradi3g03860.1.p	fd3efd8db462c259b4b69abebdd28a70	676	SUPERFAMILY	SSF74788		83	141	1.2E-114	T	01-03-2017	IPR016159	Cullin repeat-like-containing domain
Bradi3g03860.1.p	fd3efd8db462c259b4b69abebdd28a70	676	Pfam	PF03081	Exo70 exocyst complex subunit	285	639	2.0E-80	T	01-03-2017	IPR004140	Exocyst complex component Exo70
LOC_Os01g61190.1	135903a6c5d4ced27c65474b321c5251	553	SUPERFAMILY	SSF74788		26	533	9.94E-92	T	01-03-2017	IPR016159	Cullin repeat-like-containing domain
LOC_Os01g61190.1	135903a6c5d4ced27c65474b321c5251	553	Pfam	PF03081	Exo70 exocyst complex subunit	191	522	6.5E-74	T	01-03-2017	IPR004140	Exocyst complex component Exo70
HORVU7Hr1G084990.1	67a40b83008ae46d09278ede793c342a	120	SUPERFAMILY	SSF74788		2	104	2.67E-34	T	01-03-2017	IPR016159	Cullin repeat-like-containing domain
HORVU7Hr1G084990.1	67a40b83008ae46d09278ede793c342a	120	Pfam	PF03081	Exo70 exocyst complex subunit	1	105	1.4E-34	T	01-03-2017	IPR004140	Exocyst complex component Exo70
LOC_Os01g56210.1	aeaf67985031f77d75744f77d0d6eaef	243	Pfam	PF03081	Exo70 exocyst complex subunit	136	239	4.2E-20	T	01-03-2017	IPR004140	Exocyst complex component Exo70
LOC_Os01g56210.1	aeaf67985031f77d75744f77d0d6eaef	243	SUPERFAMILY	SSF74788		136	242	1.57E-20	T	01-03-2017	IPR016159	Cullin repeat-like-containing domain
Bradi4g24960.1.p	a796cbd5470be0832efb897752665590	647	Coils	Coil		12	32	-	T	01-03-2017
Bradi4g24960.1.p	a796cbd5470be0832efb897752665590	647	SUPERFAMILY	SSF74788		81	169	1.62E-160	T	01-03-2017	IPR016159	Cullin repeat-like-containing domain
Bradi4g24960.1.p	a796cbd5470be0832efb897752665590	647	SUPERFAMILY	SSF74788		200	634	1.62E-160	T	01-03-2017	IPR016159	Cullin repeat-like-containing domain
Bradi4g24960.1.p	a796cbd5470be0832efb897752665590	647	Pfam	PF03081	Exo70 exocyst complex subunit	274	630	4.9E-121	T	01-03-2017	IPR004140	Exocyst complex component Exo70
LOC_Os07g10910.1	09fe5ab67aee08cfa8b28ef1be51d1da	700	SUPERFAMILY	SSF52402		71	164	1.17E-5	T	01-03-2017
LOC_Os07g10910.1	09fe5ab67aee08cfa8b28ef1be51d1da	700	SUPERFAMILY	SSF74788		267	699	8.89E-87	T	01-03-2017	IPR016159	Cullin repeat-like-containing domain
LOC_Os07g10910.1	09fe5ab67aee08cfa8b28ef1be51d1da	700	Pfam	PF03081	Exo70 exocyst complex subunit	358	684	5.5E-70	T	01-03-2017	IPR004140	Exocyst complex component Exo70
HORVU2Hr1G067350.1	e1554e28518c407ab2ea22fcd00423f9	334	SUPERFAMILY	SSF74788		9	284	3.56E-44	T	01-03-2017	IPR016159	Cullin repeat-like-containing domain
HORVU2Hr1G067350.1	e1554e28518c407ab2ea22fcd00423f9	334	Pfam	PF03081	Exo70 exocyst complex subunit	227	269	7.8E-6	T	01-03-2017	IPR004140	Exocyst complex component Exo70
HORVU2Hr1G067350.1	e1554e28518c407ab2ea22fcd00423f9	334	Pfam	PF03081	Exo70 exocyst complex subunit	8	213	2.1E-41	T	01-03-2017	IPR004140	Exocyst complex component Exo70
Bradi1g33940.1.p	f40654d28e2304acd06974f01bf750ad	671	SUPERFAMILY	SSF74788		83	137	2.93E-119	T	01-03-2017	IPR016159	Cullin repeat-like-containing domain
Bradi1g33940.1.p	f40654d28e2304acd06974f01bf750ad	671	SUPERFAMILY	SSF74788		165	637	2.93E-119	T	01-03-2017	IPR016159	Cullin repeat-like-containing domain
Bradi1g33940.1.p	f40654d28e2304acd06974f01bf750ad	671	Pfam	PF03081	Exo70 exocyst complex subunit	280	634	5.9E-83	T	01-03-2017	IPR004140	Exocyst complex component Exo70
LOC_Os06g08460.1	9033a088b11715dc6b5f16b4ceff2bbf	486	SUPERFAMILY	SSF74788		69	485	1.26E-69	T	01-03-2017	IPR016159	Cullin repeat-like-containing domain
LOC_Os06g08460.1	9033a088b11715dc6b5f16b4ceff2bbf	486	Coils	Coil		473	486	-	T	01-03-2017
LOC_Os06g08460.1	9033a088b11715dc6b5f16b4ceff2bbf	486	Pfam	PF03081	Exo70 exocyst complex subunit	145	482	9.7E-61	T	01-03-2017	IPR004140	Exocyst complex component Exo70
LOC_Os11g01050.1	4354a60bb80dcfabeddf9e9249a43c46	497	Pfam	PF03081	Exo70 exocyst complex subunit	172	470	3.9E-61	T	01-03-2017	IPR004140	Exocyst complex component Exo70
LOC_Os11g01050.1	4354a60bb80dcfabeddf9e9249a43c46	497	SUPERFAMILY	SSF74788		39	487	1.05E-77	T	01-03-2017	IPR016159	Cullin repeat-like-containing domain
LOC_Os11g01050.1	4354a60bb80dcfabeddf9e9249a43c46	497	Coils	Coil		213	233	-	T	01-03-2017
Bradi5g04622.2.p	0032e343c614d3a141b1b32882a6ae07	435	Pfam	PF03081	Exo70 exocyst complex subunit	286	394	3.3E-17	T	01-03-2017	IPR004140	Exocyst complex component Exo70
Bradi5g04622.2.p	0032e343c614d3a141b1b32882a6ae07	435	SUPERFAMILY	SSF74788		281	434	3.87E-16	T	01-03-2017	IPR016159	Cullin repeat-like-containing domain
Bradi5g04622.2.p	0032e343c614d3a141b1b32882a6ae07	435	SUPERFAMILY	SSF74788		96	241	3.71E-6	T	01-03-2017	IPR016159	Cullin repeat-like-containing domain
LOC_Os01g49460.1	2e5d40647151b55e05d1923b2e1a47e1	151	SUPERFAMILY	SSF53756		4	67	1.18E-8	T	01-03-2017
LOC_Os01g49460.1	2e5d40647151b55e05d1923b2e1a47e1	151	SUPERFAMILY	SSF74788		57	131	3.19E-15	T	01-03-2017	IPR016159	Cullin repeat-like-containing domain
LOC_Os01g49460.1	2e5d40647151b55e05d1923b2e1a47e1	151	Pfam	PF03081	Exo70 exocyst complex subunit	58	133	7.1E-16	T	01-03-2017	IPR004140	Exocyst complex component Exo70
Bradi5g01926.3.p	1b0a2f6d0f30c24ea8abf8efa31d79f0	349	SUPERFAMILY	SSF74788		159	330	5.75E-9	T	01-03-2017	IPR016159	Cullin repeat-like-containing domain
LOC_Os04g02070.2	5c8e0536b167ebe55c3701ae1b538e3d	398	Pfam	PF03081	Exo70 exocyst complex subunit	65	356	2.3E-30	T	01-03-2017	IPR004140	Exocyst complex component Exo70
LOC_Os04g02070.2	5c8e0536b167ebe55c3701ae1b538e3d	398	SUPERFAMILY	SSF74788		34	357	8.37E-32	T	01-03-2017	IPR016159	Cullin repeat-like-containing domain
LOC_Os09g17810.1	0d7a6534785abcdb0a911b558d18bb24	598	Pfam	PF03081	Exo70 exocyst complex subunit	192	594	5.7E-72	T	01-03-2017	IPR004140	Exocyst complex component Exo70
LOC_Os09g17810.1	0d7a6534785abcdb0a911b558d18bb24	598	SUPERFAMILY	SSF74788		93	597	6.8E-72	T	01-03-2017	IPR016159	Cullin repeat-like-containing domain
HORVU7Hr1G098020.1	9ccdfe59dc361047b01808e4eeae7517	683	Pfam	PF03081	Exo70 exocyst complex subunit	290	644	2.5E-84	T	01-03-2017	IPR004140	Exocyst complex component Exo70
HORVU7Hr1G098020.1	9ccdfe59dc361047b01808e4eeae7517	683	SUPERFAMILY	SSF74788		171	647	7.85E-117	T	01-03-2017	IPR016159	Cullin repeat-like-containing domain
HORVU7Hr1G098020.1	9ccdfe59dc361047b01808e4eeae7517	683	SUPERFAMILY	SSF74788		88	142	7.85E-117	T	01-03-2017	IPR016159	Cullin repeat-like-containing domain
HORVU5Hr1G039240.1	991c50222ca613b7934d6368b65406bb	728	SUPERFAMILY	SSF74788		179	633	2.41E-94	T	01-03-2017	IPR016159	Cullin repeat-like-containing domain
HORVU5Hr1G039240.1	991c50222ca613b7934d6368b65406bb	728	Pfam	PF03081	Exo70 exocyst complex subunit	343	633	6.7E-76	T	01-03-2017	IPR004140	Exocyst complex component Exo70
Bradi5g01926.1.p	fd639991ca03afb7b043171d942de243	465	SUPERFAMILY	SSF74788		159	464	3.77E-23	T	01-03-2017	IPR016159	Cullin repeat-like-containing domain
Bradi5g01926.1.p	fd639991ca03afb7b043171d942de243	465	Pfam	PF03081	Exo70 exocyst complex subunit	345	427	1.6E-11	T	01-03-2017	IPR004140	Exocyst complex component Exo70
HORVU3Hr1G088110.1	68fea2a3af059982c7f0b5d16da851f5	202	Pfam	PF03081	Exo70 exocyst complex subunit	15	194	1.1E-47	T	01-03-2017	IPR004140	Exocyst complex component Exo70
HORVU3Hr1G088110.1	68fea2a3af059982c7f0b5d16da851f5	202	SUPERFAMILY	SSF74788		12	198	3.24E-50	T	01-03-2017	IPR016159	Cullin repeat-like-containing domain
HORVU4Hr1G020050.1	f17137ae65f8e5aa67a40bb3d2294ef5	708	SUPERFAMILY	SSF74788		246	697	7.85E-129	T	01-03-2017	IPR016159	Cullin repeat-like-containing domain
HORVU4Hr1G020050.1	f17137ae65f8e5aa67a40bb3d2294ef5	708	SUPERFAMILY	SSF74788		175	210	7.85E-129	T	01-03-2017	IPR016159	Cullin repeat-like-containing domain
HORVU4Hr1G020050.1	f17137ae65f8e5aa67a40bb3d2294ef5	708	Pfam	PF03081	Exo70 exocyst complex subunit	320	694	2.4E-105	T	01-03-2017	IPR004140	Exocyst complex component Exo70
LOC_Os01g61180.1	c90e31892a2301ebf06cd297ada9ad79	652	SUPERFAMILY	SSF74788		117	185	2.35E-122	T	01-03-2017	IPR016159	Cullin repeat-like-containing domain
LOC_Os01g61180.1	c90e31892a2301ebf06cd297ada9ad79	652	SUPERFAMILY	SSF74788		216	648	2.35E-122	T	01-03-2017	IPR016159	Cullin repeat-like-containing domain
LOC_Os01g61180.1	c90e31892a2301ebf06cd297ada9ad79	652	Pfam	PF03081	Exo70 exocyst complex subunit	291	644	1.3E-91	T	01-03-2017	IPR004140	Exocyst complex component Exo70
LOC_Os12g24620.1	32b060903aa08d8a3421ffe695f27faa	141	Pfam	PF03081	Exo70 exocyst complex subunit	58	128	2.9E-15	T	01-03-2017	IPR004140	Exocyst complex component Exo70
LOC_Os12g24620.1	32b060903aa08d8a3421ffe695f27faa	141	SUPERFAMILY	SSF74788		57	128	8.37E-14	T	01-03-2017	IPR016159	Cullin repeat-like-containing domain
LOC_Os12g24620.1	32b060903aa08d8a3421ffe695f27faa	141	SUPERFAMILY	SSF53756		4	59	1.32E-7	T	01-03-2017
LOC_Os12g01040.1	a31359a03130a67507639ce96891d9f4	489	Coils	Coil		205	225	-	T	01-03-2017
LOC_Os12g01040.1	a31359a03130a67507639ce96891d9f4	489	Pfam	PF03081	Exo70 exocyst complex subunit	164	462	3.7E-61	T	01-03-2017	IPR004140	Exocyst complex component Exo70
LOC_Os12g01040.1	a31359a03130a67507639ce96891d9f4	489	SUPERFAMILY	SSF74788		31	479	9.94E-78	T	01-03-2017	IPR016159	Cullin repeat-like-containing domain
LOC_Os05g39610.2	45cfa0a7a8a7203efe200c49228c581f	636	Pfam	PF03081	Exo70 exocyst complex subunit	275	628	1.1E-98	T	01-03-2017	IPR004140	Exocyst complex component Exo70
LOC_Os05g39610.2	45cfa0a7a8a7203efe200c49228c581f	636	SUPERFAMILY	SSF74788		200	632	2.51E-127	T	01-03-2017	IPR016159	Cullin repeat-like-containing domain
LOC_Os05g39610.2	45cfa0a7a8a7203efe200c49228c581f	636	SUPERFAMILY	SSF74788		100	168	2.51E-127	T	01-03-2017	IPR016159	Cullin repeat-like-containing domain
Bradi3g32640.2.p	6fb9606b3b09e43d4f2c1b76932b4008	426	Pfam	PF03081	Exo70 exocyst complex subunit	151	422	1.2E-59	T	01-03-2017	IPR004140	Exocyst complex component Exo70
Bradi3g32640.2.p	6fb9606b3b09e43d4f2c1b76932b4008	426	SUPERFAMILY	SSF74788		177	425	5.23E-56	T	01-03-2017	IPR016159	Cullin repeat-like-containing domain
HORVU7Hr1G030080.3	c4a62424d0f6292f8fb9b0404ba5f412	233	Pfam	PF03081	Exo70 exocyst complex subunit	14	229	2.0E-45	T	01-03-2017	IPR004140	Exocyst complex component Exo70
HORVU7Hr1G030080.3	c4a62424d0f6292f8fb9b0404ba5f412	233	SUPERFAMILY	SSF74788		12	232	3.19E-48	T	01-03-2017	IPR016159	Cullin repeat-like-containing domain
LOC_Os04g02070.3	40bc559153b5aa8883aa0df5e86c0b05	362	SUPERFAMILY	SSF74788		35	322	1.31E-31	T	01-03-2017	IPR016159	Cullin repeat-like-containing domain
LOC_Os04g02070.3	40bc559153b5aa8883aa0df5e86c0b05	362	Pfam	PF03081	Exo70 exocyst complex subunit	29	320	1.7E-30	T	01-03-2017	IPR004140	Exocyst complex component Exo70
LOC_Os03g33520.1	d9e7a6f74c0e296b0b8e810f89e68ac0	556	SUPERFAMILY	SSF74788		37	516	1.26E-70	T	01-03-2017	IPR016159	Cullin repeat-like-containing domain
LOC_Os03g33520.1	d9e7a6f74c0e296b0b8e810f89e68ac0	556	Pfam	PF03081	Exo70 exocyst complex subunit	188	448	7.6E-54	T	01-03-2017	IPR004140	Exocyst complex component Exo70
LOC_Os03g33520.1	d9e7a6f74c0e296b0b8e810f89e68ac0	556	Pfam	PF03081	Exo70 exocyst complex subunit	458	514	2.7E-7	T	01-03-2017	IPR004140	Exocyst complex component Exo70
LOC_Os07g10940.1	bfdcfebfc25462fccc36cbd58bcbc27c	709	SUPERFAMILY	SSF52402		11	130	2.93E-7	T	01-03-2017
LOC_Os07g10940.1	bfdcfebfc25462fccc36cbd58bcbc27c	709	SUPERFAMILY	SSF74788		263	684	2.51E-46	T	01-03-2017	IPR016159	Cullin repeat-like-containing domain
LOC_Os07g10940.1	bfdcfebfc25462fccc36cbd58bcbc27c	709	Pfam	PF03081	Exo70 exocyst complex subunit	360	686	3.3E-50	T	01-03-2017	IPR004140	Exocyst complex component Exo70
MLOC_11137.3	24750350586b5af05a1af78b9da9e176	653	SUPERFAMILY	SSF74788		282	634	3.71E-52	T	01-03-2017	IPR016159	Cullin repeat-like-containing domain
MLOC_11137.3	24750350586b5af05a1af78b9da9e176	653	Pfam	PF03081	Exo70 exocyst complex subunit	331	630	2.9E-55	T	01-03-2017	IPR004140	Exocyst complex component Exo70
MLOC_11137.3	24750350586b5af05a1af78b9da9e176	653	Coils	Coil		622	642	-	T	01-03-2017
MLOC_11137.3	24750350586b5af05a1af78b9da9e176	653	SUPERFAMILY	SSF52402		22	132	9.21E-5	T	01-03-2017
Bradi4g24680.3.p	622a40490d3f72e82c7881f4ed76a0a6	768	Pfam	PF03081	Exo70 exocyst complex subunit	364	754	3.2E-110	T	01-03-2017	IPR004140	Exocyst complex component Exo70
Bradi4g24680.3.p	622a40490d3f72e82c7881f4ed76a0a6	768	SUPERFAMILY	SSF74788		289	757	3.35E-133	T	01-03-2017	IPR016159	Cullin repeat-like-containing domain
Bradi4g24680.3.p	622a40490d3f72e82c7881f4ed76a0a6	768	SUPERFAMILY	SSF74788		203	238	3.35E-133	T	01-03-2017	IPR016159	Cullin repeat-like-containing domain
Bradi4g24680.3.p	622a40490d3f72e82c7881f4ed76a0a6	768	Coils	Coil		766	768	-	T	01-03-2017
Bradi4g24680.3.p	622a40490d3f72e82c7881f4ed76a0a6	768	Coils	Coil		44	64	-	T	01-03-2017
Bradi3g37580.1.p	8623ead35ea7667d938a3da317a29adb	643	Pfam	PF03081	Exo70 exocyst complex subunit	237	625	1.2E-112	T	01-03-2017	IPR004140	Exocyst complex component Exo70
Bradi3g37580.1.p	8623ead35ea7667d938a3da317a29adb	643	SUPERFAMILY	SSF74788		35	119	2.72E-142	T	01-03-2017	IPR016159	Cullin repeat-like-containing domain
Bradi3g37580.1.p	8623ead35ea7667d938a3da317a29adb	643	SUPERFAMILY	SSF74788		163	629	2.72E-142	T	01-03-2017	IPR016159	Cullin repeat-like-containing domain
Bradi2g50730.2.p	a40d083a74a99553469e4edf525c9986	604	Pfam	PF03081	Exo70 exocyst complex subunit	230	592	1.5E-109	T	01-03-2017	IPR004140	Exocyst complex component Exo70
Bradi2g50730.2.p	a40d083a74a99553469e4edf525c9986	604	SUPERFAMILY	SSF74788		44	120	9.94E-133	T	01-03-2017	IPR016159	Cullin repeat-like-containing domain
Bradi2g50730.2.p	a40d083a74a99553469e4edf525c9986	604	SUPERFAMILY	SSF74788		155	596	9.94E-133	T	01-03-2017	IPR016159	Cullin repeat-like-containing domain
Bradi5g01926.4.p	bd6cb6eae42feb37860d7185aa083da1	334	SUPERFAMILY	SSF74788		14	333	2.98E-30	T	01-03-2017	IPR016159	Cullin repeat-like-containing domain
Bradi5g01926.4.p	bd6cb6eae42feb37860d7185aa083da1	334	Pfam	PF03081	Exo70 exocyst complex subunit	3	296	3.0E-27	T	01-03-2017	IPR004140	Exocyst complex component Exo70
LOC_Os08g13270.1	4c9ccedf478999e81e7b55a509ab2637	281	SUPERFAMILY	SSF74788		85	176	9.94E-10	T	01-03-2017	IPR016159	Cullin repeat-like-containing domain
LOC_Os08g13270.1	4c9ccedf478999e81e7b55a509ab2637	281	SUPERFAMILY	SSF74788		209	274	9.94E-10	T	01-03-2017	IPR016159	Cullin repeat-like-containing domain
LOC_Os08g13270.1	4c9ccedf478999e81e7b55a509ab2637	281	Pfam	PF03081	Exo70 exocyst complex subunit	146	270	4.9E-6	T	01-03-2017	IPR004140	Exocyst complex component Exo70
HORVU5Hr1G040140.3	ca3fbd06664ea309cfa79741531daa08	599	Pfam	PF03081	Exo70 exocyst complex subunit	275	599	4.4E-94	T	01-03-2017	IPR004140	Exocyst complex component Exo70
HORVU5Hr1G040140.3	ca3fbd06664ea309cfa79741531daa08	599	SUPERFAMILY	SSF74788		200	599	8.89E-126	T	01-03-2017	IPR016159	Cullin repeat-like-containing domain
HORVU5Hr1G040140.3	ca3fbd06664ea309cfa79741531daa08	599	SUPERFAMILY	SSF74788		84	165	8.89E-126	T	01-03-2017	IPR016159	Cullin repeat-like-containing domain
LOC_Os05g39610.1	49a6daefe53432c0c72e9a2009e84f1c	661	SUPERFAMILY	SSF74788		125	193	2.88E-127	T	01-03-2017	IPR016159	Cullin repeat-like-containing domain
LOC_Os05g39610.1	49a6daefe53432c0c72e9a2009e84f1c	661	SUPERFAMILY	SSF74788		225	657	2.88E-127	T	01-03-2017	IPR016159	Cullin repeat-like-containing domain
LOC_Os05g39610.1	49a6daefe53432c0c72e9a2009e84f1c	661	Pfam	PF03081	Exo70 exocyst complex subunit	300	653	1.3E-98	T	01-03-2017	IPR004140	Exocyst complex component Exo70
LOC_Os02g05620.1	edb018504704e1b4d55d22e89976274e	664	Pfam	PF03081	Exo70 exocyst complex subunit	272	627	5.1E-85	T	01-03-2017	IPR004140	Exocyst complex component Exo70
LOC_Os02g05620.1	edb018504704e1b4d55d22e89976274e	664	SUPERFAMILY	SSF74788		73	127	6.8E-122	T	01-03-2017	IPR016159	Cullin repeat-like-containing domain
LOC_Os02g05620.1	edb018504704e1b4d55d22e89976274e	664	SUPERFAMILY	SSF74788		155	630	6.8E-122	T	01-03-2017	IPR016159	Cullin repeat-like-containing domain
LOC_Os06g48330.1	5854bf7b98749b0a100e022b95df8075	673	SUPERFAMILY	SSF74788		83	137	2.51E-122	T	01-03-2017	IPR016159	Cullin repeat-like-containing domain
LOC_Os06g48330.1	5854bf7b98749b0a100e022b95df8075	673	SUPERFAMILY	SSF74788		165	639	2.51E-122	T	01-03-2017	IPR016159	Cullin repeat-like-containing domain
LOC_Os06g48330.1	5854bf7b98749b0a100e022b95df8075	673	Pfam	PF03081	Exo70 exocyst complex subunit	280	636	1.8E-84	T	01-03-2017	IPR004140	Exocyst complex component Exo70
LOC_Os01g28600.1	e5f7c0597a286a66e08afdfd2a9741b9	681	SUPERFAMILY	SSF74788		119	196	2.77E-92	T	01-03-2017	IPR016159	Cullin repeat-like-containing domain
LOC_Os01g28600.1	e5f7c0597a286a66e08afdfd2a9741b9	681	SUPERFAMILY	SSF74788		263	680	2.77E-92	T	01-03-2017	IPR016159	Cullin repeat-like-containing domain
LOC_Os01g28600.1	e5f7c0597a286a66e08afdfd2a9741b9	681	Pfam	PF03081	Exo70 exocyst complex subunit	333	677	2.8E-63	T	01-03-2017	IPR004140	Exocyst complex component Exo70
LOC_Os08g13570.1	0c38cf95e41cffca8efdff440469b677	526	Pfam	PF03081	Exo70 exocyst complex subunit	156	522	3.9E-62	T	01-03-2017	IPR004140	Exocyst complex component Exo70
LOC_Os08g13570.1	0c38cf95e41cffca8efdff440469b677	526	SUPERFAMILY	SSF74788		63	525	1.1E-73	T	01-03-2017	IPR016159	Cullin repeat-like-containing domain
Bradi3g40510.1.p	36c600edf4479f48cd7b43e7b3baff31	690	SUPERFAMILY	SSF74788		114	143	1.46E-55	T	01-03-2017	IPR016159	Cullin repeat-like-containing domain
Bradi3g40510.1.p	36c600edf4479f48cd7b43e7b3baff31	690	SUPERFAMILY	SSF74788		179	629	1.46E-55	T	01-03-2017	IPR016159	Cullin repeat-like-containing domain
Bradi3g40510.1.p	36c600edf4479f48cd7b43e7b3baff31	690	Pfam	PF03081	Exo70 exocyst complex subunit	300	634	2.0E-45	T	01-03-2017	IPR004140	Exocyst complex component Exo70
HORVU7Hr1G064400.1	0f203d33f27986cf5c2d33ff46fd3b94	533	Pfam	PF03081	Exo70 exocyst complex subunit	130	516	2.6E-113	T	01-03-2017	IPR004140	Exocyst complex component Exo70
HORVU7Hr1G064400.1	0f203d33f27986cf5c2d33ff46fd3b94	533	SUPERFAMILY	SSF74788		55	519	1.15E-137	T	01-03-2017	IPR016159	Cullin repeat-like-containing domain
HORVU1Hr1G070390.1	7ddbc1cb90ba567a345bc6b8af58eabd	692	SUPERFAMILY	SSF74788		256	688	2.14E-126	T	01-03-2017	IPR016159	Cullin repeat-like-containing domain
HORVU1Hr1G070390.1	7ddbc1cb90ba567a345bc6b8af58eabd	692	SUPERFAMILY	SSF74788		156	224	2.14E-126	T	01-03-2017	IPR016159	Cullin repeat-like-containing domain
HORVU1Hr1G070390.1	7ddbc1cb90ba567a345bc6b8af58eabd	692	Pfam	PF03081	Exo70 exocyst complex subunit	331	684	3.8E-99	T	01-03-2017	IPR004140	Exocyst complex component Exo70
LOC_Os04g31330.1	70a53ac702ef24c67593e899732f3bdc	688	SUPERFAMILY	SSF74788		230	676	3.35E-152	T	01-03-2017	IPR016159	Cullin repeat-like-containing domain
LOC_Os04g31330.1	70a53ac702ef24c67593e899732f3bdc	688	SUPERFAMILY	SSF74788		94	184	3.35E-152	T	01-03-2017	IPR016159	Cullin repeat-like-containing domain
LOC_Os04g31330.1	70a53ac702ef24c67593e899732f3bdc	688	Pfam	PF03081	Exo70 exocyst complex subunit	303	673	1.6E-121	T	01-03-2017	IPR004140	Exocyst complex component Exo70
LOC_Os06g14450.1	e789e526d4a8e92be8615040b41d89b7	412	Coils	Coil		163	183	-	T	01-03-2017
LOC_Os06g14450.1	e789e526d4a8e92be8615040b41d89b7	412	SUPERFAMILY	SSF74788		1	411	2.46E-91	T	01-03-2017	IPR016159	Cullin repeat-like-containing domain
LOC_Os06g14450.1	e789e526d4a8e92be8615040b41d89b7	412	Pfam	PF03081	Exo70 exocyst complex subunit	63	406	4.1E-86	T	01-03-2017	IPR004140	Exocyst complex component Exo70
LOC_Os05g30660.1	66fb09af35e59f1d91e04eddc51696a0	559	Pfam	PF03081	Exo70 exocyst complex subunit	154	554	9.2E-80	T	01-03-2017	IPR004140	Exocyst complex component Exo70
LOC_Os05g30660.1	66fb09af35e59f1d91e04eddc51696a0	559	SUPERFAMILY	SSF74788		93	184	4.55E-44	T	01-03-2017	IPR016159	Cullin repeat-like-containing domain
LOC_Os05g30660.1	66fb09af35e59f1d91e04eddc51696a0	559	SUPERFAMILY	SSF74788		230	558	4.55E-44	T	01-03-2017	IPR016159	Cullin repeat-like-containing domain
LOC_Os11g05880.1	ae74c87e0894ab4fcab9b328342d3f5e	643	Pfam	PF03081	Exo70 exocyst complex subunit	277	630	6.1E-124	T	01-03-2017	IPR004140	Exocyst complex component Exo70
LOC_Os11g05880.1	ae74c87e0894ab4fcab9b328342d3f5e	643	SUPERFAMILY	SSF74788		81	169	4.92E-164	T	01-03-2017	IPR016159	Cullin repeat-like-containing domain
LOC_Os11g05880.1	ae74c87e0894ab4fcab9b328342d3f5e	643	SUPERFAMILY	SSF74788		203	634	4.92E-164	T	01-03-2017	IPR016159	Cullin repeat-like-containing domain
LOC_Os05g30620.1	02b074602a86c4d0b820cba425d1b9a0	164	SUPERFAMILY	SSF74788		2	163	3.09E-34	T	01-03-2017	IPR016159	Cullin repeat-like-containing domain
LOC_Os05g30620.1	02b074602a86c4d0b820cba425d1b9a0	164	Pfam	PF03081	Exo70 exocyst complex subunit	2	160	4.7E-33	T	01-03-2017	IPR004140	Exocyst complex component Exo70
LOC_Os01g67810.1	4107a67e80c72bae063f111865dd4e1f	557	Pfam	PF03081	Exo70 exocyst complex subunit	216	546	6.1E-53	T	01-03-2017	IPR004140	Exocyst complex component Exo70
LOC_Os01g67810.1	4107a67e80c72bae063f111865dd4e1f	557	SUPERFAMILY	SSF74788		152	549	3.24E-58	T	01-03-2017	IPR016159	Cullin repeat-like-containing domain
LOC_Os01g67810.1	4107a67e80c72bae063f111865dd4e1f	557	SUPERFAMILY	SSF74788		41	100	3.24E-58	T	01-03-2017	IPR016159	Cullin repeat-like-containing domain
LOC_Os01g69230.1	29a8e040c4d09d685092d2830b41c750	646	SUPERFAMILY	SSF74788		108	159	3.19E-150	T	01-03-2017	IPR016159	Cullin repeat-like-containing domain
LOC_Os01g69230.1	29a8e040c4d09d685092d2830b41c750	646	SUPERFAMILY	SSF74788		206	640	3.19E-150	T	01-03-2017	IPR016159	Cullin repeat-like-containing domain
LOC_Os01g69230.1	29a8e040c4d09d685092d2830b41c750	646	Coils	Coil		128	148	-	T	01-03-2017
LOC_Os01g69230.1	29a8e040c4d09d685092d2830b41c750	646	Pfam	PF03081	Exo70 exocyst complex subunit	280	636	9.2E-125	T	01-03-2017	IPR004140	Exocyst complex component Exo70
Bradi5g01930.1.p	359f5dad8cf403a13378e70258bf46f9	656	Pfam	PF03081	Exo70 exocyst complex subunit	331	651	3.0E-33	T	01-03-2017	IPR004140	Exocyst complex component Exo70
Bradi5g01930.1.p	359f5dad8cf403a13378e70258bf46f9	656	SUPERFAMILY	SSF74788		311	655	2.25E-32	T	01-03-2017	IPR016159	Cullin repeat-like-containing domain
Bradi3g43960.2.p	a60ff0eb5f49aeb38b7f5f1266de2fbf	676	SUPERFAMILY	SSF74788		209	663	1.1E-149	T	01-03-2017	IPR016159	Cullin repeat-like-containing domain
Bradi3g43960.2.p	a60ff0eb5f49aeb38b7f5f1266de2fbf	676	SUPERFAMILY	SSF74788		81	164	1.1E-149	T	01-03-2017	IPR016159	Cullin repeat-like-containing domain
Bradi3g43960.2.p	a60ff0eb5f49aeb38b7f5f1266de2fbf	676	Pfam	PF03081	Exo70 exocyst complex subunit	282	660	3.5E-122	T	01-03-2017	IPR004140	Exocyst complex component Exo70
LOC_Os04g02070.4	0730d181f817a77dc3d951a34416b0f4	516	SUPERFAMILY	SSF74788		152	474	1.26E-31	T	01-03-2017	IPR016159	Cullin repeat-like-containing domain
LOC_Os04g02070.4	0730d181f817a77dc3d951a34416b0f4	516	Pfam	PF03081	Exo70 exocyst complex subunit	183	474	5.2E-30	T	01-03-2017	IPR004140	Exocyst complex component Exo70
LOC_Os12g06840.1	339bde63dfbbe22228859fddf730961b	700	Pfam	PF03081	Exo70 exocyst complex subunit	325	686	7.9E-106	T	01-03-2017	IPR004140	Exocyst complex component Exo70
LOC_Os12g06840.1	339bde63dfbbe22228859fddf730961b	700	SUPERFAMILY	SSF74788		167	689	2.51E-132	T	01-03-2017	IPR016159	Cullin repeat-like-containing domain
HORVU6Hr1G021690.1	3c5575a242b93462180faf5948986c17	574	SUPERFAMILY	SSF74788		5	41	1.2E-113	T	01-03-2017	IPR016159	Cullin repeat-like-containing domain
HORVU6Hr1G021690.1	3c5575a242b93462180faf5948986c17	574	SUPERFAMILY	SSF74788		69	540	1.2E-113	T	01-03-2017	IPR016159	Cullin repeat-like-containing domain
HORVU6Hr1G021690.1	3c5575a242b93462180faf5948986c17	574	Pfam	PF03081	Exo70 exocyst complex subunit	183	537	5.6E-80	T	01-03-2017	IPR004140	Exocyst complex component Exo70
LOC_Os05g30700.1	ec2d870a1261af640a908333d88232ab	373	SUPERFAMILY	SSF74788		93	372	9.42E-15	T	01-03-2017	IPR016159	Cullin repeat-like-containing domain
LOC_Os05g30700.1	ec2d870a1261af640a908333d88232ab	373	Pfam	PF03081	Exo70 exocyst complex subunit	154	373	5.0E-30	T	01-03-2017	IPR004140	Exocyst complex component Exo70
LOC_Os02g36619.1	50629c3674012d8fbc05f8666e35bd81	700	SUPERFAMILY	SSF74788		160	225	2.46E-83	T	01-03-2017	IPR016159	Cullin repeat-like-containing domain
LOC_Os02g36619.1	50629c3674012d8fbc05f8666e35bd81	700	SUPERFAMILY	SSF74788		273	699	2.46E-83	T	01-03-2017	IPR016159	Cullin repeat-like-containing domain
LOC_Os02g36619.1	50629c3674012d8fbc05f8666e35bd81	700	Pfam	PF03081	Exo70 exocyst complex subunit	347	696	3.9E-75	T	01-03-2017	IPR004140	Exocyst complex component Exo70
HORVU7Hr1G054020.2	acf0c250f0dbb42133f93cb06ee5c2da	587	SUPERFAMILY	SSF74788		57	580	5.75E-118	T	01-03-2017	IPR016159	Cullin repeat-like-containing domain
HORVU7Hr1G054020.2	acf0c250f0dbb42133f93cb06ee5c2da	587	Pfam	PF03081	Exo70 exocyst complex subunit	219	576	1.9E-108	T	01-03-2017	IPR004140	Exocyst complex component Exo70
HORVU7Hr1G082050.1	277ef4f84121f521eaf0fffcc117531b	374	Pfam	PF03081	Exo70 exocyst complex subunit	131	327	9.6E-24	T	01-03-2017	IPR004140	Exocyst complex component Exo70
HORVU7Hr1G082050.1	277ef4f84121f521eaf0fffcc117531b	374	SUPERFAMILY	SSF74788		150	327	1.99E-19	T	01-03-2017	IPR016159	Cullin repeat-like-containing domain
Bradi5g25512.2.p	32a66dc328678c283d312259ba2e1fad	514	SUPERFAMILY	SSF74788		114	513	3.14E-34	T	01-03-2017	IPR016159	Cullin repeat-like-containing domain
Bradi5g25512.2.p	32a66dc328678c283d312259ba2e1fad	514	Pfam	PF03081	Exo70 exocyst complex subunit	217	438	4.6E-24	T	01-03-2017	IPR004140	Exocyst complex component Exo70
LOC_Os04g58880.1	47499b29e48d71c6fcd143e409b73d07	634	Pfam	PF03081	Exo70 exocyst complex subunit	265	623	6.8E-124	T	01-03-2017	IPR004140	Exocyst complex component Exo70
LOC_Os04g58880.1	47499b29e48d71c6fcd143e409b73d07	634	SUPERFAMILY	SSF74788		191	628	9.42E-166	T	01-03-2017	IPR016159	Cullin repeat-like-containing domain
LOC_Os04g58880.1	47499b29e48d71c6fcd143e409b73d07	634	SUPERFAMILY	SSF74788		70	158	9.42E-166	T	01-03-2017	IPR016159	Cullin repeat-like-containing domain
LOC_Os02g30230.1	e75463ba5d09f48263a29371b1b474b4	689	SUPERFAMILY	SSF74788		228	676	2.72E-153	T	01-03-2017	IPR016159	Cullin repeat-like-containing domain
LOC_Os02g30230.1	e75463ba5d09f48263a29371b1b474b4	689	SUPERFAMILY	SSF74788		89	183	2.72E-153	T	01-03-2017	IPR016159	Cullin repeat-like-containing domain
LOC_Os02g30230.1	e75463ba5d09f48263a29371b1b474b4	689	Coils	Coil		455	475	-	T	01-03-2017
LOC_Os02g30230.1	e75463ba5d09f48263a29371b1b474b4	689	Pfam	PF03081	Exo70 exocyst complex subunit	301	673	8.3E-124	T	01-03-2017	IPR004140	Exocyst complex component Exo70
LOC_Os11g36400.1	ed68070375949eb442f82bba10befe76	433	SUPERFAMILY	SSF74788		297	399	3.56E-22	T	01-03-2017	IPR016159	Cullin repeat-like-containing domain
LOC_Os11g36400.1	ed68070375949eb442f82bba10befe76	433	SUPERFAMILY	SSF74788		86	206	3.56E-22	T	01-03-2017	IPR016159	Cullin repeat-like-containing domain
LOC_Os11g36400.1	ed68070375949eb442f82bba10befe76	433	Pfam	PF03081	Exo70 exocyst complex subunit	294	398	8.9E-14	T	01-03-2017	IPR004140	Exocyst complex component Exo70
Bradi2g22490.1.p	2c2303976eaa8ad92296bb179ebaa0ef	654	SUPERFAMILY	SSF74788		218	650	2.51E-122	T	01-03-2017	IPR016159	Cullin repeat-like-containing domain
Bradi2g22490.1.p	2c2303976eaa8ad92296bb179ebaa0ef	654	SUPERFAMILY	SSF74788		118	186	2.51E-122	T	01-03-2017	IPR016159	Cullin repeat-like-containing domain
Bradi2g22490.1.p	2c2303976eaa8ad92296bb179ebaa0ef	654	Pfam	PF03081	Exo70 exocyst complex subunit	293	646	6.1E-96	T	01-03-2017	IPR004140	Exocyst complex component Exo70
HORVU2Hr1G118490.1	6c636f94604c5c5f70ab759001924aae	191	SUPERFAMILY	SSF74788		13	158	2.77E-14	T	01-03-2017	IPR016159	Cullin repeat-like-containing domain
HORVU2Hr1G118490.1	6c636f94604c5c5f70ab759001924aae	191	Pfam	PF03081	Exo70 exocyst complex subunit	3	162	2.7E-15	T	01-03-2017	IPR004140	Exocyst complex component Exo70
Bradi5g07740.2.p	aeb6e39b2a6fb838f7d10b9eae726740	683	SUPERFAMILY	SSF74788		109	179	1.83E-146	T	01-03-2017	IPR016159	Cullin repeat-like-containing domain
Bradi5g07740.2.p	aeb6e39b2a6fb838f7d10b9eae726740	683	SUPERFAMILY	SSF74788		225	670	1.83E-146	T	01-03-2017	IPR016159	Cullin repeat-like-containing domain
Bradi5g07740.2.p	aeb6e39b2a6fb838f7d10b9eae726740	683	Pfam	PF03081	Exo70 exocyst complex subunit	298	667	3.6E-117	T	01-03-2017	IPR004140	Exocyst complex component Exo70
Bradi5g07740.2.p	aeb6e39b2a6fb838f7d10b9eae726740	683	Coils	Coil		676	683	-	T	01-03-2017
Bradi2g50515.1.p	593b9fb978531df206ccbf6743ee5c1c	411	Pfam	PF03081	Exo70 exocyst complex subunit	263	405	2.3E-27	T	01-03-2017	IPR004140	Exocyst complex component Exo70
Bradi2g50515.1.p	593b9fb978531df206ccbf6743ee5c1c	411	SUPERFAMILY	SSF74788		69	410	8.37E-40	T	01-03-2017	IPR016159	Cullin repeat-like-containing domain
LOC_Os07g10970.1	3c7bc6a32900314e81ad46e9af0f153c	388	SUPERFAMILY	SSF74788		67	386	7.85E-59	T	01-03-2017	IPR016159	Cullin repeat-like-containing domain
LOC_Os07g10970.1	3c7bc6a32900314e81ad46e9af0f153c	388	Pfam	PF03081	Exo70 exocyst complex subunit	87	386	2.8E-47	T	01-03-2017	IPR004140	Exocyst complex component Exo70
HORVU2Hr1G118510.1	fb0284c2158e9ae9505c9b2b6c7b2476	543	SUPERFAMILY	SSF74788		133	542	2.72E-49	T	01-03-2017	IPR016159	Cullin repeat-like-containing domain
HORVU2Hr1G118510.1	fb0284c2158e9ae9505c9b2b6c7b2476	543	Pfam	PF03081	Exo70 exocyst complex subunit	237	538	1.1E-46	T	01-03-2017	IPR004140	Exocyst complex component Exo70
LOC_Os04g58870.1	ff9015c15452975c2beaa261fbb6c19b	523	SUPERFAMILY	SSF74788		80	484	5.75E-98	T	01-03-2017	IPR016159	Cullin repeat-like-containing domain
LOC_Os04g58870.1	ff9015c15452975c2beaa261fbb6c19b	523	Pfam	PF03081	Exo70 exocyst complex subunit	103	480	2.1E-82	T	01-03-2017	IPR004140	Exocyst complex component Exo70
LOC_Os04g58870.1	ff9015c15452975c2beaa261fbb6c19b	523	Coils	Coil		4	31	-	T	01-03-2017
LOC_Os11g06700.1	1cad3f62b067dc5759996b28b2db943f	692	Pfam	PF03081	Exo70 exocyst complex subunit	308	678	2.5E-108	T	01-03-2017	IPR004140	Exocyst complex component Exo70
LOC_Os11g06700.1	1cad3f62b067dc5759996b28b2db943f	692	SUPERFAMILY	SSF74788		133	201	1.46E-136	T	01-03-2017	IPR016159	Cullin repeat-like-containing domain
LOC_Os11g06700.1	1cad3f62b067dc5759996b28b2db943f	692	SUPERFAMILY	SSF74788		234	681	1.46E-136	T	01-03-2017	IPR016159	Cullin repeat-like-containing domain
Bradi5g01926.2.p	e8746737f03adf2e1c9f6da4fd445241	499	SUPERFAMILY	SSF74788		159	498	1.73E-30	T	01-03-2017	IPR016159	Cullin repeat-like-containing domain
Bradi5g01926.2.p	e8746737f03adf2e1c9f6da4fd445241	499	Pfam	PF03081	Exo70 exocyst complex subunit	168	461	9.9E-27	T	01-03-2017	IPR004140	Exocyst complex component Exo70
Bradi5g06870.2.p	deb00871802c8295b7b1d631dd0c8411	633	Pfam	PF03081	Exo70 exocyst complex subunit	233	517	4.6E-51	T	01-03-2017	IPR004140	Exocyst complex component Exo70
Bradi5g06870.2.p	deb00871802c8295b7b1d631dd0c8411	633	SUPERFAMILY	SSF74788		52	586	4.66E-63	T	01-03-2017	IPR016159	Cullin repeat-like-containing domain
HORVU4Hr1G079440.1	d4072f8e27bc4da3a84f68b3399be477	559	SUPERFAMILY	SSF74788		142	558	1.46E-42	T	01-03-2017	IPR016159	Cullin repeat-like-containing domain
HORVU4Hr1G079440.1	d4072f8e27bc4da3a84f68b3399be477	559	Pfam	PF03081	Exo70 exocyst complex subunit	231	553	2.8E-35	T	01-03-2017	IPR004140	Exocyst complex component Exo70
LOC_Os01g67820.1	2045a6038ab9b2acc6ced3f0ee84045e	592	Pfam	PF03081	Exo70 exocyst complex subunit	236	578	1.3E-71	T	01-03-2017	IPR004140	Exocyst complex component Exo70
LOC_Os01g67820.1	2045a6038ab9b2acc6ced3f0ee84045e	592	SUPERFAMILY	SSF74788		49	101	2.98E-80	T	01-03-2017	IPR016159	Cullin repeat-like-containing domain
LOC_Os01g67820.1	2045a6038ab9b2acc6ced3f0ee84045e	592	SUPERFAMILY	SSF74788		160	581	2.98E-80	T	01-03-2017	IPR016159	Cullin repeat-like-containing domain
HORVU3Hr1G073850.1	8189ad74624d88f2c09cec6e5c5e1868	604	Pfam	PF03081	Exo70 exocyst complex subunit	229	588	3.3E-111	T	01-03-2017	IPR004140	Exocyst complex component Exo70
HORVU3Hr1G073850.1	8189ad74624d88f2c09cec6e5c5e1868	604	SUPERFAMILY	SSF74788		155	592	3.98E-134	T	01-03-2017	IPR016159	Cullin repeat-like-containing domain
HORVU3Hr1G073850.1	8189ad74624d88f2c09cec6e5c5e1868	604	SUPERFAMILY	SSF74788		50	120	3.98E-134	T	01-03-2017	IPR016159	Cullin repeat-like-containing domain
LOC_Os05g30680.1	cf8fc6c1bdef6b62332679b51ce8cb62	229	SUPERFAMILY	SSF74788		13	228	1.15E-47	T	01-03-2017	IPR016159	Cullin repeat-like-containing domain
LOC_Os05g30680.1	cf8fc6c1bdef6b62332679b51ce8cb62	229	Pfam	PF03081	Exo70 exocyst complex subunit	12	224	2.4E-44	T	01-03-2017	IPR004140	Exocyst complex component Exo70
HORVU7Hr1G028060.3	d476a85c21af5da6d5e093a151824436	665	SUPERFAMILY	SSF74788		204	652	1.78E-149	T	01-03-2017	IPR016159	Cullin repeat-like-containing domain
HORVU7Hr1G028060.3	d476a85c21af5da6d5e093a151824436	665	SUPERFAMILY	SSF74788		80	163	1.78E-149	T	01-03-2017	IPR016159	Cullin repeat-like-containing domain
HORVU7Hr1G028060.3	d476a85c21af5da6d5e093a151824436	665	Pfam	PF03081	Exo70 exocyst complex subunit	277	649	2.3E-123	T	01-03-2017	IPR004140	Exocyst complex component Exo70
Bradi4g41750.1.p	ffa0b229ad101fc0a9e2eda89c3286ba	694	SUPERFAMILY	SSF74788		242	683	1.2E-129	T	01-03-2017	IPR016159	Cullin repeat-like-containing domain
Bradi4g41750.1.p	ffa0b229ad101fc0a9e2eda89c3286ba	694	SUPERFAMILY	SSF74788		143	207	1.2E-129	T	01-03-2017	IPR016159	Cullin repeat-like-containing domain
Bradi4g41750.1.p	ffa0b229ad101fc0a9e2eda89c3286ba	694	Pfam	PF03081	Exo70 exocyst complex subunit	317	680	2.3E-110	T	01-03-2017	IPR004140	Exocyst complex component Exo70
LOC_Os01g55799.1	5d06433f95c8703e30d65eab29a02d3c	602	Pfam	PF03081	Exo70 exocyst complex subunit	229	592	4.4E-113	T	01-03-2017	IPR004140	Exocyst complex component Exo70
LOC_Os01g55799.1	5d06433f95c8703e30d65eab29a02d3c	602	SUPERFAMILY	SSF74788		155	596	3.03E-139	T	01-03-2017	IPR016159	Cullin repeat-like-containing domain
LOC_Os01g55799.1	5d06433f95c8703e30d65eab29a02d3c	602	SUPERFAMILY	SSF74788		41	120	3.03E-139	T	01-03-2017	IPR016159	Cullin repeat-like-containing domain
LOC_Os07g10960.1	f5fba86ff062c127abfcec2712b609e4	588	Coils	Coil		417	437	-	T	01-03-2017
LOC_Os07g10960.1	f5fba86ff062c127abfcec2712b609e4	588	Pfam	PF03081	Exo70 exocyst complex subunit	313	575	1.3E-47	T	01-03-2017	IPR004140	Exocyst complex component Exo70
LOC_Os07g10960.1	f5fba86ff062c127abfcec2712b609e4	588	SUPERFAMILY	SSF74788		230	576	9.42E-59	T	01-03-2017	IPR016159	Cullin repeat-like-containing domain
LOC_Os08g40840.1	d58b04a97d8f5d44109ce0c0e54d11ba	687	Pfam	PF03081	Exo70 exocyst complex subunit	298	629	1.4E-49	T	01-03-2017	IPR004140	Exocyst complex component Exo70
LOC_Os08g40840.1	d58b04a97d8f5d44109ce0c0e54d11ba	687	SUPERFAMILY	SSF74788		113	144	3.35E-61	T	01-03-2017	IPR016159	Cullin repeat-like-containing domain
LOC_Os08g40840.1	d58b04a97d8f5d44109ce0c0e54d11ba	687	SUPERFAMILY	SSF74788		177	657	3.35E-61	T	01-03-2017	IPR016159	Cullin repeat-like-containing domain
HORVU0Hr1G021500.1	7e330423a1ee725a741071ef8b7a6b53	554	SUPERFAMILY	SSF74788		237	553	1.99E-55	T	01-03-2017	IPR016159	Cullin repeat-like-containing domain
HORVU0Hr1G021500.1	7e330423a1ee725a741071ef8b7a6b53	554	Pfam	PF03081	Exo70 exocyst complex subunit	238	550	1.0E-60	T	01-03-2017	IPR004140	Exocyst complex component Exo70
HORVU2Hr1G118520.1	eb96389d0853ecd69d0640dffbe7d6c1	509	SUPERFAMILY	SSF74788		95	508	1.73E-43	T	01-03-2017	IPR016159	Cullin repeat-like-containing domain
HORVU2Hr1G118520.1	eb96389d0853ecd69d0640dffbe7d6c1	509	Pfam	PF03081	Exo70 exocyst complex subunit	191	486	1.8E-42	T	01-03-2017	IPR004140	Exocyst complex component Exo70
HORVU2Hr1G118460.1	aaa75e01a02033623160211341fc8169	499	Pfam	PF01612	3'-5' exonuclease	386	489	1.1E-5	T	01-03-2017	IPR002562	3'-5' exonuclease domain
HORVU2Hr1G118460.1	aaa75e01a02033623160211341fc8169	499	SUPERFAMILY	SSF53098		378	489	3.79E-9	T	01-03-2017	IPR012337	Ribonuclease H-like domain
HORVU2Hr1G118460.1	aaa75e01a02033623160211341fc8169	499	SUPERFAMILY	SSF74788		141	376	6.8E-8	T	01-03-2017	IPR016159	Cullin repeat-like-containing domain
Bradi5g26580.1.p	112726adddfa8c44bc8e8c8227844c16	634	Pfam	PF03081	Exo70 exocyst complex subunit	265	623	7.7E-124	T	01-03-2017	IPR004140	Exocyst complex component Exo70
Bradi5g26580.1.p	112726adddfa8c44bc8e8c8227844c16	634	SUPERFAMILY	SSF74788		191	628	9.94E-165	T	01-03-2017	IPR016159	Cullin repeat-like-containing domain
Bradi5g26580.1.p	112726adddfa8c44bc8e8c8227844c16	634	SUPERFAMILY	SSF74788		70	158	9.94E-165	T	01-03-2017	IPR016159	Cullin repeat-like-containing domain
LOC_Os05g30640.1	f80ab23390929336cce9d1729b7a041f	520	SUPERFAMILY	SSF74788		96	164	5.23E-46	T	01-03-2017	IPR016159	Cullin repeat-like-containing domain
LOC_Os05g30640.1	f80ab23390929336cce9d1729b7a041f	520	SUPERFAMILY	SSF74788		208	519	5.23E-46	T	01-03-2017	IPR016159	Cullin repeat-like-containing domain
LOC_Os05g30640.1	f80ab23390929336cce9d1729b7a041f	520	Pfam	PF03081	Exo70 exocyst complex subunit	157	516	3.0E-46	T	01-03-2017	IPR004140	Exocyst complex component Exo70
HORVU3Hr1G073910.1	10a6ca5a9b4952cc4c406b53b910567c	599	Pfam	PF03081	Exo70 exocyst complex subunit	229	588	3.2E-111	T	01-03-2017	IPR004140	Exocyst complex component Exo70
HORVU3Hr1G073910.1	10a6ca5a9b4952cc4c406b53b910567c	599	SUPERFAMILY	SSF74788		155	592	3.82E-134	T	01-03-2017	IPR016159	Cullin repeat-like-containing domain
HORVU3Hr1G073910.1	10a6ca5a9b4952cc4c406b53b910567c	599	SUPERFAMILY	SSF74788		50	120	3.82E-134	T	01-03-2017	IPR016159	Cullin repeat-like-containing domain
HORVU7Hr1G052100.1	abd2a015a0686547c02b516690a061ae	701	SUPERFAMILY	SSF74788		184	668	7.32E-57	T	01-03-2017	IPR016159	Cullin repeat-like-containing domain
HORVU7Hr1G052100.1	abd2a015a0686547c02b516690a061ae	701	SUPERFAMILY	SSF74788		103	149	7.32E-57	T	01-03-2017	IPR016159	Cullin repeat-like-containing domain
HORVU7Hr1G052100.1	abd2a015a0686547c02b516690a061ae	701	Pfam	PF03081	Exo70 exocyst complex subunit	304	645	1.7E-46	T	01-03-2017	IPR004140	Exocyst complex component Exo70
HORVU2Hr1G118450.1	fc29138b41e31cedf27710dafde3a8fe	539	SUPERFAMILY	SSF74788		133	538	5.75E-47	T	01-03-2017	IPR016159	Cullin repeat-like-containing domain
HORVU2Hr1G118450.1	fc29138b41e31cedf27710dafde3a8fe	539	Pfam	PF03081	Exo70 exocyst complex subunit	234	534	1.9E-45	T	01-03-2017	IPR004140	Exocyst complex component Exo70
HORVU2Hr1G118450.1	fc29138b41e31cedf27710dafde3a8fe	539	Coils	Coil		305	325	-	T	01-03-2017
LOC_Os01g05580.1	e69cd061d16f14b4b6c8eb9d538b8d8a	177	Pfam	PF03081	Exo70 exocyst complex subunit	5	67	3.5E-6	T	01-03-2017	IPR004140	Exocyst complex component Exo70
HORVU2Hr1G069050.1	1dfeb774798d4dec9e2ae9039ccf6d9f	499	SUPERFAMILY	SSF74788		10	486	1.94E-141	T	01-03-2017	IPR016159	Cullin repeat-like-containing domain
HORVU2Hr1G069050.1	1dfeb774798d4dec9e2ae9039ccf6d9f	499	Pfam	PF03081	Exo70 exocyst complex subunit	115	483	2.4E-119	T	01-03-2017	IPR004140	Exocyst complex component Exo70
Bradi3g41160.1.p	9196ae2e5ae160b809e8b30ed6b58c3d	653	SUPERFAMILY	SSF74788		100	646	6.28E-107	T	01-03-2017	IPR016159	Cullin repeat-like-containing domain
Bradi3g41160.1.p	9196ae2e5ae160b809e8b30ed6b58c3d	653	Pfam	PF03081	Exo70 exocyst complex subunit	261	642	8.6E-102	T	01-03-2017	IPR004140	Exocyst complex component Exo70
LOC_Os08g41820.1	5bec83816682ad05bbf14ffbb6c39460	606	Pfam	PF03081	Exo70 exocyst complex subunit	223	595	9.9E-106	T	01-03-2017	IPR004140	Exocyst complex component Exo70
LOC_Os08g41820.1	5bec83816682ad05bbf14ffbb6c39460	606	SUPERFAMILY	SSF74788		59	599	3.82E-127	T	01-03-2017	IPR016159	Cullin repeat-like-containing domain
Bradi4g31270.1.p	bd139a27160d61fb92d36f2143442481	600	SUPERFAMILY	SSF74788		34	114	3.09E-132	T	01-03-2017	IPR016159	Cullin repeat-like-containing domain
Bradi4g31270.1.p	bd139a27160d61fb92d36f2143442481	600	SUPERFAMILY	SSF74788		159	586	3.09E-132	T	01-03-2017	IPR016159	Cullin repeat-like-containing domain
Bradi4g31270.1.p	bd139a27160d61fb92d36f2143442481	600	Pfam	PF03081	Exo70 exocyst complex subunit	502	578	3.1E-27	T	01-03-2017	IPR004140	Exocyst complex component Exo70
Bradi4g31270.1.p	bd139a27160d61fb92d36f2143442481	600	Pfam	PF03081	Exo70 exocyst complex subunit	233	500	2.9E-70	T	01-03-2017	IPR004140	Exocyst complex component Exo70
LOC_Os07g10920.1	8263ebc107286edb584821abdb74f0e8	320	SUPERFAMILY	SSF74788		33	319	1.52E-63	T	01-03-2017	IPR016159	Cullin repeat-like-containing domain
LOC_Os07g10920.1	8263ebc107286edb584821abdb74f0e8	320	Pfam	PF03081	Exo70 exocyst complex subunit	33	315	9.6E-50	T	01-03-2017	IPR004140	Exocyst complex component Exo70
HORVU2Hr1G123320.1	520d85556115a008977124e8dd501da8	646	Pfam	PF03081	Exo70 exocyst complex subunit	277	635	1.2E-125	T	01-03-2017	IPR004140	Exocyst complex component Exo70
HORVU2Hr1G123320.1	520d85556115a008977124e8dd501da8	646	SUPERFAMILY	SSF74788		203	640	3.66E-165	T	01-03-2017	IPR016159	Cullin repeat-like-containing domain
HORVU2Hr1G123320.1	520d85556115a008977124e8dd501da8	646	SUPERFAMILY	SSF74788		79	167	3.66E-165	T	01-03-2017	IPR016159	Cullin repeat-like-containing domain
LOC_Os11g42989.1	34a4f354c37c0e22e9a317d5f98f9c3a	579	SUPERFAMILY	SSF74788		49	541	3.03E-64	T	01-03-2017	IPR016159	Cullin repeat-like-containing domain
LOC_Os11g42989.1	34a4f354c37c0e22e9a317d5f98f9c3a	579	Pfam	PF03081	Exo70 exocyst complex subunit	211	470	3.1E-48	T	01-03-2017	IPR004140	Exocyst complex component Exo70
HORVU5Hr1G062200.3	177f5b773844e7d5c0963f8b5b6ca73f	703	Pfam	PF03081	Exo70 exocyst complex subunit	299	681	1.4E-112	T	01-03-2017	IPR004140	Exocyst complex component Exo70
HORVU5Hr1G062200.3	177f5b773844e7d5c0963f8b5b6ca73f	703	SUPERFAMILY	SSF74788		118	183	6.8E-147	T	01-03-2017	IPR016159	Cullin repeat-like-containing domain
HORVU5Hr1G062200.3	177f5b773844e7d5c0963f8b5b6ca73f	703	SUPERFAMILY	SSF74788		225	689	6.8E-147	T	01-03-2017	IPR016159	Cullin repeat-like-containing domain
LOC_Os10g33850.1	ff94422f61e2475cdba595f7d6c9eb78	384	SUPERFAMILY	SSF74788		145	366	3.03E-43	T	01-03-2017	IPR016159	Cullin repeat-like-containing domain
LOC_Os10g33850.1	ff94422f61e2475cdba595f7d6c9eb78	384	Pfam	PF03081	Exo70 exocyst complex subunit	148	367	1.6E-47	T	01-03-2017	IPR004140	Exocyst complex component Exo70
LOC_Os09g26820.1	e4bc904d0d3f21515448bf93733b43c9	638	Pfam	PF03081	Exo70 exocyst complex subunit	238	618	7.0E-112	T	01-03-2017	IPR004140	Exocyst complex component Exo70
LOC_Os09g26820.1	e4bc904d0d3f21515448bf93733b43c9	638	SUPERFAMILY	SSF74788		164	624	2.35E-146	T	01-03-2017	IPR016159	Cullin repeat-like-containing domain
LOC_Os09g26820.1	e4bc904d0d3f21515448bf93733b43c9	638	SUPERFAMILY	SSF74788		36	120	2.35E-146	T	01-03-2017	IPR016159	Cullin repeat-like-containing domain
Bradi4g41980.2.p	76657e66606dc94fb4df52001700b031	555	SUPERFAMILY	SSF74788		109	545	6.28E-144	T	01-03-2017	IPR016159	Cullin repeat-like-containing domain
Bradi4g41980.2.p	76657e66606dc94fb4df52001700b031	555	SUPERFAMILY	SSF74788		3	75	6.28E-144	T	01-03-2017	IPR016159	Cullin repeat-like-containing domain
Bradi4g41980.2.p	76657e66606dc94fb4df52001700b031	555	Pfam	PF03081	Exo70 exocyst complex subunit	185	542	5.9E-108	T	01-03-2017	IPR004140	Exocyst complex component Exo70
Bradi5g25531.1.p	b575054891a142acb6618c6fb7bff2c3	377	Pfam	PF03081	Exo70 exocyst complex subunit	197	362	1.1E-12	T	01-03-2017	IPR004140	Exocyst complex component Exo70
HORVU2Hr1G116970.2	26bce63423717841a6dd05cde90bc14f	605	SUPERFAMILY	SSF74788		165	604	2.56E-89	T	01-03-2017	IPR016159	Cullin repeat-like-containing domain
HORVU2Hr1G116970.2	26bce63423717841a6dd05cde90bc14f	605	SUPERFAMILY	SSF74788		83	111	2.56E-89	T	01-03-2017	IPR016159	Cullin repeat-like-containing domain
HORVU2Hr1G116970.2	26bce63423717841a6dd05cde90bc14f	605	Pfam	PF03081	Exo70 exocyst complex subunit	247	600	4.1E-79	T	01-03-2017	IPR004140	Exocyst complex component Exo70
AT3G14090.1	e2f6d4587a22b8b8785b8935e60a0922	623	SUPERFAMILY	SSF74788		168	612	9.94E-158	T	16-05-2017	IPR016159	Cullin repeat-like-containing domain
AT3G14090.1	e2f6d4587a22b8b8785b8935e60a0922	623	SUPERFAMILY	SSF74788		18	119	9.94E-158	T	16-05-2017	IPR016159	Cullin repeat-like-containing domain
AT3G14090.1	e2f6d4587a22b8b8785b8935e60a0922	623	Pfam	PF03081	Exo70 exocyst complex subunit	243	608	1.0E-117	T	16-05-2017	IPR004140	Exocyst complex component Exo70
AT5G13990.1	2050cc9aefefef1a18813d2fd7ad1d3f	695	Pfam	PF03081	Exo70 exocyst complex subunit	325	677	9.8E-110	T	16-05-2017	IPR004140	Exocyst complex component Exo70
AT5G13990.1	2050cc9aefefef1a18813d2fd7ad1d3f	695	SUPERFAMILY	SSF74788		136	213	1.36E-137	T	16-05-2017	IPR016159	Cullin repeat-like-containing domain
AT5G13990.1	2050cc9aefefef1a18813d2fd7ad1d3f	695	SUPERFAMILY	SSF74788		249	680	1.36E-137	T	16-05-2017	IPR016159	Cullin repeat-like-containing domain
AT5G50380.1	411b34596d1ebe5105d5cd1a6765b23d	683	Pfam	PF03081	Exo70 exocyst complex subunit	304	665	1.8E-126	T	16-05-2017	IPR004140	Exocyst complex component Exo70
AT5G50380.1	411b34596d1ebe5105d5cd1a6765b23d	683	SUPERFAMILY	SSF74788		115	184	2.51E-163	T	16-05-2017	IPR016159	Cullin repeat-like-containing domain
AT5G50380.1	411b34596d1ebe5105d5cd1a6765b23d	683	SUPERFAMILY	SSF74788		231	670	2.51E-163	T	16-05-2017	IPR016159	Cullin repeat-like-containing domain
AT5G50380.1	411b34596d1ebe5105d5cd1a6765b23d	683	Coils	Coil		66	86	-	T	16-05-2017
AT1G72470.1	66ede0a4e319d3fce689264236501653	633	SUPERFAMILY	SSF74788		40	109	2.3E-158	T	16-05-2017	IPR016159	Cullin repeat-like-containing domain
AT1G72470.1	66ede0a4e319d3fce689264236501653	633	SUPERFAMILY	SSF74788		173	620	2.3E-158	T	16-05-2017	IPR016159	Cullin repeat-like-containing domain
AT1G72470.1	66ede0a4e319d3fce689264236501653	633	Pfam	PF03081	Exo70 exocyst complex subunit	248	613	2.4E-117	T	16-05-2017	IPR004140	Exocyst complex component Exo70
AT2G28650.1	0f22664e76aad3301c156d84d101596b	573	Pfam	PF03081	Exo70 exocyst complex subunit	211	552	2.3E-94	T	16-05-2017	IPR004140	Exocyst complex component Exo70
AT2G28650.1	0f22664e76aad3301c156d84d101596b	573	SUPERFAMILY	SSF74788		31	554	1.62E-130	T	16-05-2017	IPR016159	Cullin repeat-like-containing domain
AT3G09520.1	060fc717cb8d7411c46666100e3d4b18	628	SUPERFAMILY	SSF74788		40	604	6.28E-137	T	16-05-2017	IPR016159	Cullin repeat-like-containing domain
AT3G09520.1	060fc717cb8d7411c46666100e3d4b18	628	Pfam	PF03081	Exo70 exocyst complex subunit	234	602	5.2E-97	T	16-05-2017	IPR004140	Exocyst complex component Exo70
AT2G28640.1	6b9aa40f89f187b0f15c739f977ec11b	605	SUPERFAMILY	SSF74788		30	576	9.94E-135	T	16-05-2017	IPR016159	Cullin repeat-like-containing domain
AT2G28640.1	6b9aa40f89f187b0f15c739f977ec11b	605	Pfam	PF03081	Exo70 exocyst complex subunit	218	574	3.4E-96	T	16-05-2017	IPR004140	Exocyst complex component Exo70
AT2G28640.1	6b9aa40f89f187b0f15c739f977ec11b	605	ProSiteProfiles	PS50077	HEAT repeat profile.	295	334	9.056	T	16-05-2017	IPR021133	HEAT, type 2
AT4G31540.1	ab303acc6e9236aa03bb5cd8494bdabf	687	Pfam	PF03081	Exo70 exocyst complex subunit	295	651	2.3E-88	T	16-05-2017	IPR004140	Exocyst complex component Exo70
AT4G31540.1	ab303acc6e9236aa03bb5cd8494bdabf	687	SUPERFAMILY	SSF74788		84	136	4.08E-130	T	16-05-2017	IPR016159	Cullin repeat-like-containing domain
AT4G31540.1	ab303acc6e9236aa03bb5cd8494bdabf	687	SUPERFAMILY	SSF74788		177	654	4.08E-130	T	16-05-2017	IPR016159	Cullin repeat-like-containing domain
AT5G58430.1	beebe650c60f8c662d29bf31c6a57e1d	624	Pfam	PF03081	Exo70 exocyst complex subunit	266	614	4.6E-114	T	16-05-2017	IPR004140	Exocyst complex component Exo70
AT5G58430.1	beebe650c60f8c662d29bf31c6a57e1d	624	SUPERFAMILY	SSF74788		78	155	1.52E-149	T	16-05-2017	IPR016159	Cullin repeat-like-containing domain
AT5G58430.1	beebe650c60f8c662d29bf31c6a57e1d	624	SUPERFAMILY	SSF74788		192	616	1.52E-149	T	16-05-2017	IPR016159	Cullin repeat-like-containing domain
AT5G61010.1	a88c808140e116fc1cdb44c29f70e8dd	639	SUPERFAMILY	SSF74788		89	164	1.46E-125	T	16-05-2017	IPR016159	Cullin repeat-like-containing domain
AT5G61010.1	a88c808140e116fc1cdb44c29f70e8dd	639	SUPERFAMILY	SSF74788		199	625	1.46E-125	T	16-05-2017	IPR016159	Cullin repeat-like-containing domain
AT5G61010.1	a88c808140e116fc1cdb44c29f70e8dd	639	Pfam	PF03081	Exo70 exocyst complex subunit	274	621	1.9E-98	T	16-05-2017	IPR004140	Exocyst complex component Exo70
AT5G52340.1	726bd39caf1c104ed17fba816895036a	631	Pfam	PF03081	Exo70 exocyst complex subunit	269	619	8.9E-119	T	16-05-2017	IPR004140	Exocyst complex component Exo70
AT5G52340.1	726bd39caf1c104ed17fba816895036a	631	Coils	Coil		358	378	-	T	16-05-2017
AT5G52340.1	726bd39caf1c104ed17fba816895036a	631	SUPERFAMILY	SSF74788		195	622	1.15E-165	T	16-05-2017	IPR016159	Cullin repeat-like-containing domain
AT5G52340.1	726bd39caf1c104ed17fba816895036a	631	SUPERFAMILY	SSF74788		76	164	1.15E-165	T	16-05-2017	IPR016159	Cullin repeat-like-containing domain
AT2G39380.1	387d1be31e1cbfd6e1d5e918fc8b0c9f	637	Pfam	PF03081	Exo70 exocyst complex subunit	244	606	8.5E-101	T	16-05-2017	IPR004140	Exocyst complex component Exo70
AT2G39380.1	387d1be31e1cbfd6e1d5e918fc8b0c9f	637	SUPERFAMILY	SSF74788		171	609	8.37E-140	T	16-05-2017	IPR016159	Cullin repeat-like-containing domain
AT2G39380.1	387d1be31e1cbfd6e1d5e918fc8b0c9f	637	SUPERFAMILY	SSF74788		45	140	8.37E-140	T	16-05-2017	IPR016159	Cullin repeat-like-containing domain
AT5G59730.1	c17a58d4e6d63e00870d3b730c0a1373	634	Pfam	PF03081	Exo70 exocyst complex subunit	229	594	1.1E-93	T	16-05-2017	IPR004140	Exocyst complex component Exo70
AT5G59730.1	c17a58d4e6d63e00870d3b730c0a1373	634	SUPERFAMILY	SSF74788		46	123	1.88E-134	T	16-05-2017	IPR016159	Cullin repeat-like-containing domain
AT5G59730.1	c17a58d4e6d63e00870d3b730c0a1373	634	SUPERFAMILY	SSF74788		154	596	1.88E-134	T	16-05-2017	IPR016159	Cullin repeat-like-containing domain
AT1G07725.1	9ca8f837f3a5d98566ef9b470737752b	615	SUPERFAMILY	SSF74788		165	589	1.73E-133	T	16-05-2017	IPR016159	Cullin repeat-like-containing domain
AT1G07725.1	9ca8f837f3a5d98566ef9b470737752b	615	SUPERFAMILY	SSF74788		62	132	1.73E-133	T	16-05-2017	IPR016159	Cullin repeat-like-containing domain
AT1G07725.1	9ca8f837f3a5d98566ef9b470737752b	615	Pfam	PF03081	Exo70 exocyst complex subunit	240	586	4.2E-102	T	16-05-2017	IPR004140	Exocyst complex component Exo70
AT1G51640.1	82a40dcc1df26ccb5fc6a5d4e484bc86	660	Coils	Coil		31	51	-	T	16-05-2017
AT1G51640.1	82a40dcc1df26ccb5fc6a5d4e484bc86	660	Pfam	PF03081	Exo70 exocyst complex subunit	255	622	1.5E-69	T	16-05-2017	IPR004140	Exocyst complex component Exo70
AT1G51640.1	82a40dcc1df26ccb5fc6a5d4e484bc86	660	SUPERFAMILY	SSF74788		160	625	8.89E-96	T	16-05-2017	IPR016159	Cullin repeat-like-containing domain
AT1G51640.1	82a40dcc1df26ccb5fc6a5d4e484bc86	660	SUPERFAMILY	SSF74788		76	126	8.89E-96	T	16-05-2017	IPR016159	Cullin repeat-like-containing domain
AT3G29400.1	d0cd22b2d0dc2df3b3225da47d7abfc2	658	Pfam	PF03081	Exo70 exocyst complex subunit	266	642	1.8E-108	T	16-05-2017	IPR004140	Exocyst complex component Exo70
AT3G29400.1	d0cd22b2d0dc2df3b3225da47d7abfc2	658	SUPERFAMILY	SSF74788		85	154	1.26E-139	T	16-05-2017	IPR016159	Cullin repeat-like-containing domain
AT3G29400.1	d0cd22b2d0dc2df3b3225da47d7abfc2	658	SUPERFAMILY	SSF74788		192	645	1.26E-139	T	16-05-2017	IPR016159	Cullin repeat-like-containing domain
AT5G52350.1	4baa754226b18065e78370b80020e943	586	SUPERFAMILY	SSF74788		149	575	4.08E-130	T	16-05-2017	IPR016159	Cullin repeat-like-containing domain
AT5G52350.1	4baa754226b18065e78370b80020e943	586	SUPERFAMILY	SSF74788		99	117	4.08E-130	T	16-05-2017	IPR016159	Cullin repeat-like-containing domain
AT5G52350.1	4baa754226b18065e78370b80020e943	586	Pfam	PF03081	Exo70 exocyst complex subunit	223	573	1.1E-101	T	16-05-2017	IPR004140	Exocyst complex component Exo70
AT5G03540.1	a1a22fea8d8171607ac9184e08fd28cf	638	SUPERFAMILY	SSF74788		76	164	3.35E-169	T	16-05-2017	IPR016159	Cullin repeat-like-containing domain
AT5G03540.1	a1a22fea8d8171607ac9184e08fd28cf	638	SUPERFAMILY	SSF74788		195	629	3.35E-169	T	16-05-2017	IPR016159	Cullin repeat-like-containing domain
AT5G03540.1	a1a22fea8d8171607ac9184e08fd28cf	638	Coils	Coil		128	148	-	T	16-05-2017
AT5G03540.1	a1a22fea8d8171607ac9184e08fd28cf	638	Pfam	PF03081	Exo70 exocyst complex subunit	269	625	1.4E-121	T	16-05-2017	IPR004140	Exocyst complex component Exo70
AT5G03540.2	cfefb3276a35f6a87b325d7b24681d04	523	SUPERFAMILY	SSF74788		4	49	1.94E-159	T	16-05-2017	IPR016159	Cullin repeat-like-containing domain
AT5G03540.2	cfefb3276a35f6a87b325d7b24681d04	523	SUPERFAMILY	SSF74788		80	514	1.94E-159	T	16-05-2017	IPR016159	Cullin repeat-like-containing domain
AT5G03540.2	cfefb3276a35f6a87b325d7b24681d04	523	Pfam	PF03081	Exo70 exocyst complex subunit	154	510	8.0E-122	T	16-05-2017	IPR004140	Exocyst complex component Exo70
AT5G03540.2	cfefb3276a35f6a87b325d7b24681d04	523	Coils	Coil		13	33	-	T	16-05-2017
AT5G13150.1	6dd313615668594656cf2e9154ddbb60	653	SUPERFAMILY	SSF74788		97	169	4.97E-142	T	16-05-2017	IPR016159	Cullin repeat-like-containing domain
AT5G13150.1	6dd313615668594656cf2e9154ddbb60	653	SUPERFAMILY	SSF74788		200	643	4.97E-142	T	16-05-2017	IPR016159	Cullin repeat-like-containing domain
AT5G13150.1	6dd313615668594656cf2e9154ddbb60	653	Pfam	PF03081	Exo70 exocyst complex subunit	274	639	2.3E-110	T	16-05-2017	IPR004140	Exocyst complex component Exo70
AT1G54090.1	25554742e8abda1bfb1c012e9c816e33	622	SUPERFAMILY	SSF74788		43	101	4.6E-153	T	16-05-2017	IPR016159	Cullin repeat-like-containing domain
AT1G54090.1	25554742e8abda1bfb1c012e9c816e33	622	SUPERFAMILY	SSF74788		165	610	4.6E-153	T	16-05-2017	IPR016159	Cullin repeat-like-containing domain
AT1G54090.1	25554742e8abda1bfb1c012e9c816e33	622	Pfam	PF03081	Exo70 exocyst complex subunit	240	605	6.9E-115	T	16-05-2017	IPR004140	Exocyst complex component Exo70
AT3G55150.1	b773f1f5b977889da87f7bf39e93fbf1	636	Pfam	PF03081	Exo70 exocyst complex subunit	245	606	2.8E-96	T	16-05-2017	IPR004140	Exocyst complex component Exo70
AT3G55150.1	b773f1f5b977889da87f7bf39e93fbf1	636	SUPERFAMILY	SSF74788		46	140	1.62E-140	T	16-05-2017	IPR016159	Cullin repeat-like-containing domain
AT3G55150.1	b773f1f5b977889da87f7bf39e93fbf1	636	SUPERFAMILY	SSF74788		172	609	1.62E-140	T	16-05-2017	IPR016159	Cullin repeat-like-containing domain
AT5G03540.3	d6347c5fd3f065fecbbe7f1195c3272f	664	SUPERFAMILY	SSF74788		76	162	4.87E-166	T	16-05-2017	IPR016159	Cullin repeat-like-containing domain
AT5G03540.3	d6347c5fd3f065fecbbe7f1195c3272f	664	SUPERFAMILY	SSF74788		221	655	4.87E-166	T	16-05-2017	IPR016159	Cullin repeat-like-containing domain
AT5G03540.3	d6347c5fd3f065fecbbe7f1195c3272f	664	Pfam	PF03081	Exo70 exocyst complex subunit	295	651	1.6E-121	T	16-05-2017	IPR004140	Exocyst complex component Exo70
AT5G03540.3	d6347c5fd3f065fecbbe7f1195c3272f	664	Coils	Coil		128	148	-	T	16-05-2017
AT3G09530.1	5e7fa240874cf311deee31f57b9c7f34	637	Coils	Coil		69	89	-	T	16-05-2017
AT3G09530.1	5e7fa240874cf311deee31f57b9c7f34	637	Pfam	PF03081	Exo70 exocyst complex subunit	229	598	7.2E-94	T	16-05-2017	IPR004140	Exocyst complex component Exo70
AT3G09530.1	5e7fa240874cf311deee31f57b9c7f34	637	SUPERFAMILY	SSF74788		37	600	2.88E-131	T	16-05-2017	IPR016159	Cullin repeat-like-containing domain
AT1G07000.1	504f1337c7459655d653bf3f57565deb	599	SUPERFAMILY	SSF74788		82	594	1.31E-129	T	16-05-2017	IPR016159	Cullin repeat-like-containing domain
AT1G07000.1	504f1337c7459655d653bf3f57565deb	599	Pfam	PF03081	Exo70 exocyst complex subunit	248	591	2.1E-98	T	16-05-2017	IPR004140	Exocyst complex component Exo70
AT5G59730.2	d953157b14bf9d326afdc1700b51a500	632	Pfam	PF03081	Exo70 exocyst complex subunit	229	594	1.1E-93	T	16-05-2017	IPR004140	Exocyst complex component Exo70
AT5G59730.2	d953157b14bf9d326afdc1700b51a500	632	SUPERFAMILY	SSF74788		46	123	1.88E-134	T	16-05-2017	IPR016159	Cullin repeat-like-containing domain
AT5G59730.2	d953157b14bf9d326afdc1700b51a500	632	SUPERFAMILY	SSF74788		154	596	1.88E-134	T	16-05-2017	IPR016159	Cullin repeat-like-containing domain
